﻿<?xml version="1.0" encoding="UTF-8" standalone="no"?>
<!-- 被2013 sp1 () 使用XMLSpy v编辑的 (http://www.altova.com) by -->
<tns:database xmlns:tns="http://www.iw.com/sns/platform/" xmlns:xsi="http://www.w3.org/2001/XMLSchema-instance">
<Group id="effect_pool">
    <ItemSpec id="40712001" effect="1010" icon="msa_icon" name="660500" dialog="660500"/>
    <ItemSpec id="40712002" effect="1030" icon="msa_icon" name="660500" dialog="660500"/>
    <ItemSpec id="40712003" effect="1050" icon="msa_icon" name="660500" dialog="660500"/>
    <ItemSpec id="40712004" effect="55" icon="msa_icon" name="660500" dialog="660500"/>
    <ItemSpec id="40712005" effect="56" icon="msa_icon" name="660500" dialog="660500"/>
    <ItemSpec id="40712006" effect="8" icon="msa_icon" name="660500" dialog="660500"/>
    <ItemSpec id="40712007" effect="1011|1012" icon="msa_icon" name="660500" dialog="660500"/>
    <ItemSpec id="40712008" effect="1031|1032" icon="msa_icon" name="660500" dialog="660500"/>
    <ItemSpec id="40712009" effect="1051|1052" icon="msa_icon" name="660500" dialog="660500"/>
    <ItemSpec id="40712010" effect="1321|1322" icon="msa_icon" name="660500" dialog="660500"/>
    <ItemSpec id="40712011" effect="1041|1042" icon="msa_icon" name="660500" dialog="660500"/>
    <ItemSpec id="40712012" effect="1061|1062" icon="msa_icon" name="660500" dialog="660500"/>
    <ItemSpec id="40712013" effect="1071|1072" icon="msa_icon" name="660500" dialog="660500"/>
    <ItemSpec id="40712014" effect="1013|1014" icon="msa_icon" name="660500" dialog="660500"/>
    <ItemSpec id="40712015" effect="1033|1034" icon="msa_icon" name="660500" dialog="660500"/>
    <ItemSpec id="40712016" effect="1053|1054" icon="msa_icon" name="660500" dialog="660500"/>
    <ItemSpec id="40712017" effect="1043|1044" icon="msa_icon" name="660500" dialog="660500"/>
    <ItemSpec id="40712018" effect="101010|101011" icon="msa_icon" name="660500" dialog="660500"/>
    <ItemSpec id="40712019" effect="1015|1016" icon="msa_icon" name="660500" dialog="660500"/>
    <ItemSpec id="40712020" effect="1035|1036" icon="msa_icon" name="660500" dialog="660500"/>
    <ItemSpec id="40712021" effect="1055|1056" icon="msa_icon" name="660500" dialog="660500"/>
    <ItemSpec id="40712022" effect="1045|1046" icon="msa_icon" name="660500" dialog="660500"/>
    <ItemSpec id="40712023" effect="1065|1066" icon="msa_icon" name="660500" dialog="660500"/>
    <ItemSpec id="40712024" effect="1017|1018" icon="msa_icon" name="660500" dialog="660500"/>
    <ItemSpec id="40712025" effect="1037|1038" icon="msa_icon" name="660500" dialog="660500"/>
    <ItemSpec id="40712026" effect="1057|1058" icon="msa_icon" name="660500" dialog="660500"/>
    <ItemSpec id="40712027" effect="1047|1048" icon="msa_icon" name="660500" dialog="660500"/>
    <ItemSpec id="40712028" effect="1207|1208" icon="msa_icon" name="660500" dialog="660500"/>
    <ItemSpec id="40712029" effect="406|407|408|409|410|411|412|413" icon="msa_icon" name="660500" dialog="660500"/>
    <ItemSpec id="40712030" effect="487" icon="msa_icon" name="660500" dialog="660500"/>
    <ItemSpec id="40712031" effect="488" icon="msa_icon" name="660500" dialog="660500"/>
    <ItemSpec id="40712032" effect="489" icon="msa_icon" name="660500" dialog="660500"/>
    <ItemSpec id="40712033" effect="87" icon="msa_icon" name="660500" dialog="660500"/>
    <ItemSpec id="40712034" effect="1200" icon="msa_icon" name="660500" dialog="660500"/>
    <ItemSpec id="40712035" effect="1210" icon="msa_icon" name="660500" dialog="660500"/>
    <ItemSpec id="40712036" effect="77" icon="msa_icon" name="660500" dialog="660500"/>
    <ItemSpec id="40712037" effect="448" icon="msa_icon" name="660500" dialog="660500"/>
    <ItemSpec id="40712038" effect="444" icon="msa_icon" name="660500" dialog="660500"/>
    <ItemSpec id="40712039" effect="445" icon="msa_icon" name="660500" dialog="660500"/>
    <ItemSpec id="40712040" effect="446" icon="msa_icon" name="660500" dialog="660500"/>
    <ItemSpec id="40712041" effect="447" icon="msa_icon" name="660500" dialog="660500"/>
    <ItemSpec id="40712042" effect="418" icon="msa_icon" name="660500" dialog="660500"/>
    <ItemSpec id="40712043" effect="414" icon="msa_icon" name="660500" dialog="660500"/>
    <ItemSpec id="40712044" effect="1240" icon="msa_icon" name="660500" dialog="660500"/>
    <ItemSpec id="40712045" effect="1250" icon="msa_icon" name="660500" dialog="660500"/>
    <ItemSpec id="40712046" effect="131" icon="msa_icon" name="660500" dialog="660500"/>
    <ItemSpec id="40712047" effect="761" icon="msa_icon" name="660500" dialog="660500"/>
    <ItemSpec id="40712048" effect="762" icon="msa_icon" name="660500" dialog="660500"/>
    <ItemSpec id="40712049" effect="763" icon="msa_icon" name="660500" dialog="660500"/>
    <ItemSpec id="40712050" effect="764" icon="msa_icon" name="660500" dialog="660500"/>
    <ItemSpec id="40712051" effect="66" icon="msa_icon" name="660500" dialog="660500"/>
    <ItemSpec id="40712052" effect="220" icon="msa_icon" name="660500" dialog="660500"/>
    <ItemSpec id="40712053" effect="222" icon="msa_icon" name="660500" dialog="660500"/>
    <ItemSpec id="40712054" effect="221" icon="msa_icon" name="660500" dialog="660500"/>
    <ItemSpec id="40712055" effect="223" icon="msa_icon" name="660500" dialog="660500"/>
    <ItemSpec id="40712056" effect="224" icon="msa_icon" name="660500" dialog="660500"/>
    <ItemSpec id="40712057" effect="225" icon="msa_icon" name="660500" dialog="660500"/>
    <ItemSpec id="40712058" effect="226" icon="msa_icon" name="660500" dialog="660500"/>
    <ItemSpec id="40712059" effect="227" icon="msa_icon" name="660500" dialog="660500"/>
    <ItemSpec id="40712060" effect="228" icon="msa_icon" name="660500" dialog="660500"/>
    <ItemSpec id="40712061" effect="229" icon="msa_icon" name="660500" dialog="660500"/>
    <ItemSpec id="40712062" effect="230" icon="msa_icon" name="660500" dialog="660500"/>
    <ItemSpec id="40712063" effect="231" icon="msa_icon" name="660500" dialog="660500"/>
    <ItemSpec id="40712064" effect="232" icon="msa_icon" name="660500" dialog="660500"/>
    <ItemSpec id="40712065" effect="233" icon="msa_icon" name="660500" dialog="660500"/>
    <ItemSpec id="40712066" effect="234" icon="msa_icon" name="660500" dialog="660500"/>
    <ItemSpec id="40712067" effect="235" icon="msa_icon" name="660500" dialog="660500"/>
    <ItemSpec id="40712068" effect="220|224|228|232" icon="msa_icon" name="660500" dialog="660500"/>
    <ItemSpec id="40712069" effect="222|225|229|233" icon="msa_icon" name="660500" dialog="660500"/>
    <ItemSpec id="40712070" effect="221|226|230|234" icon="msa_icon" name="660500" dialog="660500"/>
    <ItemSpec id="40712071" effect="223|227|231|235" icon="msa_icon" name="660500" dialog="660500"/>
    <ItemSpec id="40712072" effect="236" icon="msa_icon" name="660500" dialog="660500"/>
    <ItemSpec id="40712073" effect="237" icon="msa_icon" name="660500" dialog="660500"/>
    <ItemSpec id="40712074" effect="238" icon="msa_icon" name="660500" dialog="660500"/>
    <ItemSpec id="40712075" effect="239" icon="msa_icon" name="660500" dialog="660500"/>
    <ItemSpec id="40712076" effect="60" icon="msa_icon" name="660500" dialog="660500"/>
    <ItemSpec id="40712077" effect="780" icon="msa_icon" name="660500" dialog="660500"/>
    <ItemSpec id="40712078" effect="781" icon="msa_icon" name="660500" dialog="660500"/>
    <ItemSpec id="40712079" effect="782" icon="msa_icon" name="660500" dialog="660500"/>
    <ItemSpec id="40712080" effect="783" icon="msa_icon" name="660500" dialog="660500"/>
    <ItemSpec id="40712081" effect="401" icon="msa_icon" name="660500" dialog="660500"/>
    <ItemSpec id="40712082" effect="402" icon="msa_icon" name="660500" dialog="660500"/>
    <ItemSpec id="40712083" effect="144" icon="msa_icon" name="660500" dialog="660500"/>
    <ItemSpec id="40712084" effect="241" icon="msa_icon" name="660500" dialog="660500"/>
    <ItemSpec id="40712085" effect="242" icon="msa_icon" name="660500" dialog="660500"/>
    <ItemSpec id="40712086" effect="416" icon="msa_icon" name="660500" dialog="660500"/>
    <ItemSpec id="40712087" effect="523" icon="msa_icon" name="660500" dialog="660500"/>
    <ItemSpec id="40712088" effect="50" icon="msa_icon" name="660500" dialog="660500"/>
    <ItemSpec id="40712089" effect="153" icon="msa_icon" name="660500" dialog="660500"/>
    <ItemSpec id="40712090" effect="53" icon="msa_icon" name="660500" dialog="660500"/>
    <ItemSpec id="40712091" effect="154" icon="msa_icon" name="660500" dialog="660500"/>
    <ItemSpec id="40712092" effect="52" icon="msa_icon" name="660500" dialog="660500"/>
    <ItemSpec id="40712093" effect="155" icon="msa_icon" name="660500" dialog="660500"/>
    <ItemSpec id="40712094" effect="51" icon="msa_icon" name="660500" dialog="660500"/>
    <ItemSpec id="40712095" effect="156" icon="msa_icon" name="660500" dialog="660500"/>
    <ItemSpec id="40712096" effect="79" icon="msa_icon" name="660500" dialog="660500"/>
    <ItemSpec id="40712097" effect="72" icon="msa_icon" name="660500" dialog="660500"/>
    <ItemSpec id="40712098" effect="38" icon="msa_icon" name="660500" dialog="660500"/>
    <ItemSpec id="40712099" effect="421" icon="msa_icon" name="660500" dialog="660500"/>
    <ItemSpec id="40712100" effect="68" icon="msa_icon" name="660500" dialog="660500"/>
    <ItemSpec id="40712101" effect="772" icon="msa_icon" name="660500" dialog="660500"/>
    <ItemSpec id="40712102" effect="2078" icon="msa_icon" name="660500" dialog="660500"/>
    <ItemSpec id="40712103" effect="752" icon="msa_icon" name="660500" dialog="660500"/>
    <ItemSpec id="40712104" effect="753" icon="msa_icon" name="660500" dialog="660500"/>
    <ItemSpec id="40712105" effect="754" icon="msa_icon" name="660500" dialog="660500"/>
    <ItemSpec id="40712106" effect="755" icon="msa_icon" name="660500" dialog="660500"/>
    <ItemSpec id="40712107" effect="751" icon="msa_icon" name="660500" dialog="660500"/>
    <ItemSpec id="40712108" effect="873" icon="msa_icon" name="660500" dialog="660500"/>
    <ItemSpec id="40712109" effect="874" icon="msa_icon" name="660500" dialog="660500"/>
    <ItemSpec id="40712110" effect="875" icon="msa_icon" name="660500" dialog="660500"/>
    <ItemSpec id="40712111" effect="876" icon="msa_icon" name="660500" dialog="660500"/>
    <ItemSpec id="40712112" effect="388" icon="msa_icon" name="660500" dialog="660500"/>
    <ItemSpec id="40712113" effect="391" icon="msa_icon" name="660500" dialog="660500"/>
    <ItemSpec id="40712114" effect="394" icon="msa_icon" name="660500" dialog="660500"/>
    <ItemSpec id="40712115" effect="392" icon="msa_icon" name="660500" dialog="660500"/>
    <ItemSpec id="40712116" effect="393" icon="msa_icon" name="660500" dialog="660500"/>
    <ItemSpec id="40712117" effect="386" icon="msa_icon" name="660500" dialog="660500"/>
    <ItemSpec id="40712118" effect="395" icon="msa_icon" name="660500" dialog="660500"/>
    <ItemSpec id="40712119" effect="398" icon="msa_icon" name="660500" dialog="660500"/>
    <ItemSpec id="40712120" effect="396" icon="msa_icon" name="660500" dialog="660500"/>
    <ItemSpec id="40712121" effect="397" icon="msa_icon" name="660500" dialog="660500"/>
    <ItemSpec id="40712122" effect="69" icon="msa_icon" name="660500" dialog="660500"/>
    <ItemSpec id="40712123" effect="757" icon="msa_icon" name="660500" dialog="660500"/>
    <ItemSpec id="40712124" effect="758" icon="msa_icon" name="660500" dialog="660500"/>
    <ItemSpec id="40712125" effect="759" icon="msa_icon" name="660500" dialog="660500"/>
    <ItemSpec id="40712126" effect="760" icon="msa_icon" name="660500" dialog="660500"/>
    <ItemSpec id="40712127" effect="756" icon="msa_icon" name="660500" dialog="660500"/>
    <ItemSpec id="40712128" effect="520" icon="msa_icon" name="660500" dialog="660500"/>
    <ItemSpec id="40712129" effect="768" icon="msa_icon" name="660500" dialog="660500"/>
    <ItemSpec id="40712130" effect="769" icon="msa_icon" name="660500" dialog="660500"/>
    <ItemSpec id="40712131" effect="770" icon="msa_icon" name="660500" dialog="660500"/>
    <ItemSpec id="40712132" effect="771" icon="msa_icon" name="660500" dialog="660500"/>
    <ItemSpec id="40712133" effect="767" icon="msa_icon" name="660500" dialog="660500"/>
    <ItemSpec id="40712134" effect="415" icon="msa_icon" name="660500" dialog="660500"/>
    <ItemSpec id="40712135" effect="2080" icon="msa_icon" name="660500" dialog="660500"/>
    <ItemSpec id="40712136" effect="64" icon="msa_icon" name="660500" dialog="660500"/>
    <ItemSpec id="40712137" effect="78" icon="msa_icon" name="660500" dialog="660500"/>
    <ItemSpec id="40712138" effect="776" icon="msa_icon" name="660500" dialog="660500"/>
    <ItemSpec id="40712139" effect="777" icon="msa_icon" name="660500" dialog="660500"/>
    <ItemSpec id="40712140" effect="778" icon="msa_icon" name="660500" dialog="660500"/>
    <ItemSpec id="40712141" effect="779" icon="msa_icon" name="660500" dialog="660500"/>
    <ItemSpec id="40712142" effect="73" icon="msa_icon" name="660500" dialog="660500"/>
    <ItemSpec id="40712143" effect="57" icon="msa_icon" name="660500" dialog="660500"/>
    <ItemSpec id="40712144" effect="121" icon="msa_icon" name="660500" dialog="660500"/>
    <ItemSpec id="40712145" effect="430" icon="msa_icon" name="660500" dialog="660500"/>
    <ItemSpec id="40712146" effect="431" icon="msa_icon" name="660500" dialog="660500"/>
    <ItemSpec id="40712147" effect="432" icon="msa_icon" name="660500" dialog="660500"/>
    <ItemSpec id="40712148" effect="433" icon="msa_icon" name="660500" dialog="660500"/>
    <ItemSpec id="40712149" effect="404" icon="msa_icon" name="660500" dialog="660500"/>
    <ItemSpec id="40712150" effect="59" icon="msa_icon" name="660500" dialog="660500"/>
    <ItemSpec id="40712151" effect="403" icon="msa_icon" name="660500" dialog="660500"/>
    <ItemSpec id="40712152" effect="405" icon="msa_icon" name="660500" dialog="660500"/>
    <ItemSpec id="40712153" effect="106" icon="msa_icon" name="660500" dialog="660500"/>
    <ItemSpec id="40712154" effect="125" icon="msa_icon" name="660500" dialog="660500"/>
    <ItemSpec id="40712155" effect="1154" icon="msa_icon" name="660500" dialog="660500"/>
    <ItemSpec id="40712156" effect="67" icon="msa_icon" name="660500" dialog="660500"/>
    <ItemSpec id="40712157" effect="88" icon="msa_icon" name="660500" dialog="660500"/>
    <ItemSpec id="40712158" effect="176" icon="msa_icon" name="660500" dialog="660500"/>
    <ItemSpec id="40712159" effect="177" icon="msa_icon" name="660500" dialog="660500"/>
    <ItemSpec id="40712160" effect="178" icon="msa_icon" name="660500" dialog="660500"/>
    <ItemSpec id="40712161" effect="1591|1592" icon="msa_icon" name="660500" dialog="660500"/>
    <ItemSpec id="40712162" effect="1593|1594" icon="msa_icon" name="660500" dialog="660500"/>
    <ItemSpec id="40712163" effect="1595|1596" icon="msa_icon" name="660500" dialog="660500"/>
    <ItemSpec id="40712164" effect="1597|1598" icon="msa_icon" name="660500" dialog="660500"/>
    <ItemSpec id="40712165" effect="1220" icon="msa_icon" name="660500" dialog="660500"/>
    <ItemSpec id="40712166" effect="1230" icon="msa_icon" name="660500" dialog="660500"/>
    <ItemSpec id="40712167" effect="172" icon="msa_icon" name="660500" dialog="660500"/>
    <ItemSpec id="40712168" effect="173" icon="msa_icon" name="660500" dialog="660500"/>
    <ItemSpec id="40712169" effect="174" icon="msa_icon" name="660500" dialog="660500"/>
    <ItemSpec id="40712170" effect="175" icon="msa_icon" name="660500" dialog="660500"/>
    <ItemSpec id="40712171" effect="168" icon="msa_icon" name="660500" dialog="660500"/>
    <ItemSpec id="40712172" effect="169" icon="msa_icon" name="660500" dialog="660500"/>
    <ItemSpec id="40712173" effect="171" icon="msa_icon" name="660500" dialog="660500"/>
    <ItemSpec id="40712174" effect="58" icon="msa_icon" name="660500" dialog="660500"/>
    <ItemSpec id="40712175" effect="141" icon="msa_icon" name="660500" dialog="660500"/>
    <ItemSpec id="40712176" effect="1152" icon="msa_icon" name="660500" dialog="660500"/>
    <ItemSpec id="40712177" effect="1153" icon="msa_icon" name="660500" dialog="660500"/>
    <ItemSpec id="40712178" effect="610" icon="msa_icon" name="660500" dialog="660500"/>
    <ItemSpec id="40712179" effect="611" icon="msa_icon" name="660500" dialog="660500"/>
    <ItemSpec id="40712180" effect="612" icon="msa_icon" name="660500" dialog="660500"/>
    <ItemSpec id="40712181" effect="613" icon="msa_icon" name="660500" dialog="660500"/>
    <ItemSpec id="40712182" effect="614" icon="msa_icon" name="660500" dialog="660500"/>
    <ItemSpec id="40712183" effect="615" icon="msa_icon" name="660500" dialog="660500"/>
    <ItemSpec id="40712184" effect="616" icon="msa_icon" name="660500" dialog="660500"/>
    <ItemSpec id="40712185" effect="617" icon="msa_icon" name="660500" dialog="660500"/>
    <ItemSpec id="40712186" effect="618" icon="msa_icon" name="660500" dialog="660500"/>
    <ItemSpec id="40712187" effect="619" icon="msa_icon" name="660500" dialog="660500"/>
    <ItemSpec id="40712188" effect="864" icon="msa_icon" name="660500" dialog="660500"/>
    <ItemSpec id="40712189" effect="865" icon="msa_icon" name="660500" dialog="660500"/>
    <ItemSpec id="40712190" effect="332" icon="msa_icon" name="660500" dialog="660500"/>
    <ItemSpec id="40712191" effect="333" icon="msa_icon" name="660500" dialog="660500"/>
    <ItemSpec id="40712192" effect="1341|1342" icon="msa_icon" name="660500" dialog="660500"/>
    <ItemSpec id="40712193" effect="1351|1352" icon="msa_icon" name="660500" dialog="660500"/>
    <ItemSpec id="40712194" effect="1343|1344" icon="msa_icon" name="660500" dialog="660500"/>
    <ItemSpec id="40712195" effect="1353|1354" icon="msa_icon" name="660500" dialog="660500"/>
    <ItemSpec id="40712196" effect="1345|1346" icon="msa_icon" name="660500" dialog="660500"/>
    <ItemSpec id="40712197" effect="1355|1356" icon="msa_icon" name="660500" dialog="660500"/>
    <ItemSpec id="40712198" effect="1347|1348" icon="msa_icon" name="660500" dialog="660500"/>
    <ItemSpec id="40712199" effect="1357|1358" icon="msa_icon" name="660500" dialog="660500"/>
    <ItemSpec id="40712200" effect="1340" icon="msa_icon" name="660500" dialog="660500"/>
    <ItemSpec id="40712201" effect="1350" icon="msa_icon" name="660500" dialog="660500"/>
    <ItemSpec id="40712202" effect="331" icon="msa_icon" name="660500" dialog="660500"/>
    <ItemSpec id="40712203" effect="330" icon="msa_icon" name="660500" dialog="660500"/>
    <ItemSpec id="40712204" effect="908" icon="msa_icon" name="660500" dialog="660500"/>
    <ItemSpec id="40712205" effect="914" icon="msa_icon" name="660500" dialog="660500"/>
    <ItemSpec id="40712206" effect="907" icon="msa_icon" name="660500" dialog="660500"/>
    <ItemSpec id="40712207" effect="901" icon="msa_icon" name="660500" dialog="660500"/>
    <ItemSpec id="40712208" effect="902" icon="msa_icon" name="660500" dialog="660500"/>
    <ItemSpec id="40712209" effect="903" icon="msa_icon" name="660500" dialog="660500"/>
    <ItemSpec id="40712210" effect="904" icon="msa_icon" name="660500" dialog="660500"/>
    <ItemSpec id="40712211" effect="905" icon="msa_icon" name="660500" dialog="660500"/>
    <ItemSpec id="40712212" effect="906" icon="msa_icon" name="660500" dialog="660500"/>
    <ItemSpec id="40712213" effect="909" icon="msa_icon" name="660500" dialog="660500"/>
    <ItemSpec id="40712214" effect="910" icon="msa_icon" name="660500" dialog="660500"/>
    <ItemSpec id="40712215" effect="912" icon="msa_icon" name="660500" dialog="660500"/>
    <ItemSpec id="40712216" effect="913" icon="msa_icon" name="660500" dialog="660500"/>
    <ItemSpec id="40712217" effect="897" icon="msa_icon" name="660500" dialog="660500"/>
    <ItemSpec id="40712218" effect="896" icon="msa_icon" name="660500" dialog="660500"/>
    <ItemSpec id="40712219" effect="898" icon="msa_icon" name="660500" dialog="660500"/>
    <ItemSpec id="40712220" effect="899" icon="msa_icon" name="660500" dialog="660500"/>
    <ItemSpec id="40712221" effect="894" icon="msa_icon" name="660500" dialog="660500"/>
    <ItemSpec id="40712222" effect="895" icon="msa_icon" name="660500" dialog="660500"/>
    <ItemSpec id="40712223" effect="900" icon="msa_icon" name="660500" dialog="660500"/>
    <ItemSpec id="40712224" effect="911" icon="msa_icon" name="660500" dialog="660500"/>
    <ItemSpec id="40712225" effect="915" icon="msa_icon" name="660500" dialog="660500"/>
    <ItemSpec id="40712226" effect="494" icon="msa_icon" name="660500" dialog="660500"/>
    <ItemSpec id="40712227" effect="486" icon="msa_icon" name="660500" dialog="660500"/>
    <ItemSpec id="40712228" effect="485" icon="msa_icon" name="660500" dialog="660500"/>
    <ItemSpec id="40712229" effect="481" icon="msa_icon" name="660500" dialog="660500"/>
    <ItemSpec id="40712230" effect="484" icon="msa_icon" name="660500" dialog="660500"/>
    <ItemSpec id="40712231" effect="482" icon="msa_icon" name="660500" dialog="660500"/>
    <ItemSpec id="40712232" effect="483" icon="msa_icon" name="660500" dialog="660500"/>
    <ItemSpec id="40712233" effect="490" icon="msa_icon" name="660500" dialog="660500"/>
    <ItemSpec id="40712234" effect="491" icon="msa_icon" name="660500" dialog="660500"/>
    <ItemSpec id="40712235" effect="492" icon="msa_icon" name="660500" dialog="660500"/>
    <ItemSpec id="40712236" effect="493" icon="msa_icon" name="660500" dialog="660500"/>
    <ItemSpec id="40712237" effect="2025" icon="msa_icon" name="660500" dialog="660500"/>
    <ItemSpec id="40712238" effect="2026" icon="msa_icon" name="660500" dialog="660500"/>
    <ItemSpec id="40712239" effect="2027" icon="msa_icon" name="660500" dialog="660500"/>
    <ItemSpec id="40712240" effect="2020" icon="msa_icon" name="660500" dialog="660500"/>
    <ItemSpec id="40712241" effect="2016" icon="msa_icon" name="660500" dialog="660500"/>
    <ItemSpec id="40712242" effect="2028" icon="msa_icon" name="660500" dialog="660500"/>
    <ItemSpec id="40712243" effect="2029" icon="msa_icon" name="660500" dialog="660500"/>
    <ItemSpec id="40712244" effect="2030" icon="msa_icon" name="660500" dialog="660500"/>
    <ItemSpec id="40712245" effect="2021" icon="msa_icon" name="660500" dialog="660500"/>
    <ItemSpec id="40712246" effect="2017" icon="msa_icon" name="660500" dialog="660500"/>
    <ItemSpec id="40712247" effect="2031" icon="msa_icon" name="660500" dialog="660500"/>
    <ItemSpec id="40712248" effect="2032" icon="msa_icon" name="660500" dialog="660500"/>
    <ItemSpec id="40712249" effect="2033" icon="msa_icon" name="660500" dialog="660500"/>
    <ItemSpec id="40712250" effect="2022" icon="msa_icon" name="660500" dialog="660500"/>
    <ItemSpec id="40712251" effect="2018" icon="msa_icon" name="660500" dialog="660500"/>
    <ItemSpec id="40712252" effect="2034" icon="msa_icon" name="660500" dialog="660500"/>
    <ItemSpec id="40712253" effect="2035" icon="msa_icon" name="660500" dialog="660500"/>
    <ItemSpec id="40712254" effect="2036" icon="msa_icon" name="660500" dialog="660500"/>
    <ItemSpec id="40712255" effect="2023" icon="msa_icon" name="660500" dialog="660500"/>
    <ItemSpec id="40712256" effect="2019" icon="msa_icon" name="660500" dialog="660500"/>
    <ItemSpec id="40712257" effect="243" icon="msa_icon" name="660500" dialog="660500"/>
    <ItemSpec id="40712258" effect="244" icon="msa_icon" name="660500" dialog="660500"/>
    <ItemSpec id="40712259" effect="434" icon="msa_icon" name="660500" dialog="660500"/>
    <ItemSpec id="40712260" effect="435" icon="msa_icon" name="660500" dialog="660500"/>
    <ItemSpec id="40712261" effect="436" icon="msa_icon" name="660500" dialog="660500"/>
    <ItemSpec id="40712262" effect="437" icon="msa_icon" name="660500" dialog="660500"/>
    <ItemSpec id="40712263" effect="438" icon="msa_icon" name="660500" dialog="660500"/>
    <ItemSpec id="40712264" effect="439" icon="msa_icon" name="660500" dialog="660500"/>
    <ItemSpec id="40712265" effect="440" icon="msa_icon" name="660500" dialog="660500"/>
    <ItemSpec id="40712266" effect="441" icon="msa_icon" name="660500" dialog="660500"/>
    <ItemSpec id="40712267" effect="442" icon="msa_icon" name="660500" dialog="660500"/>
    <ItemSpec id="40712268" effect="443" icon="msa_icon" name="660500" dialog="660500"/>
    <ItemSpec id="40712269" effect="204" icon="msa_icon" name="660500" dialog="660500"/>
    <ItemSpec id="40712270" effect="203" icon="msa_icon" name="660500" dialog="660500"/>
    <ItemSpec id="40712271" effect="205" icon="msa_icon" name="660500" dialog="660500"/>
    <ItemSpec id="40712272" effect="206" icon="msa_icon" name="660500" dialog="660500"/>
    <ItemSpec id="40712273" effect="219" icon="msa_icon" name="660500" dialog="660500"/>
    <ItemSpec id="40712274" effect="207" icon="msa_icon" name="660500" dialog="660500"/>
    <ItemSpec id="40712275" effect="209" icon="msa_icon" name="660500" dialog="660500"/>
    <ItemSpec id="40712276" effect="208" icon="msa_icon" name="660500" dialog="660500"/>
    <ItemSpec id="40712277" effect="210" icon="msa_icon" name="660500" dialog="660500"/>
    <ItemSpec id="40712278" effect="211" icon="msa_icon" name="660500" dialog="660500"/>
    <ItemSpec id="40712279" effect="212" icon="msa_icon" name="660500" dialog="660500"/>
    <ItemSpec id="40712280" effect="213" icon="msa_icon" name="660500" dialog="660500"/>
    <ItemSpec id="40712281" effect="218" icon="msa_icon" name="660500" dialog="660500"/>
    <ItemSpec id="40712282" effect="167" icon="msa_icon" name="660500" dialog="660500"/>
    <ItemSpec id="40712283" effect="108" icon="msa_icon" name="660500" dialog="660500"/>
    <ItemSpec id="40712284" effect="886" icon="msa_icon" name="660500" dialog="660500"/>
    <ItemSpec id="40712285" effect="2050" icon="msa_icon" name="660500" dialog="660500"/>
    <ItemSpec id="40712286" effect="883" icon="msa_icon" name="660500" dialog="660500"/>
    <ItemSpec id="40712287" effect="885" icon="msa_icon" name="660500" dialog="660500"/>
    <ItemSpec id="40712288" effect="888" icon="msa_icon" name="660500" dialog="660500"/>
    <ItemSpec id="40712289" effect="884" icon="msa_icon" name="660500" dialog="660500"/>
    <ItemSpec id="40712290" effect="892" icon="msa_icon" name="660500" dialog="660500"/>
    <ItemSpec id="40712291" effect="887" icon="msa_icon" name="660500" dialog="660500"/>
    <ItemSpec id="40712292" effect="893" icon="msa_icon" name="660500" dialog="660500"/>
    <ItemSpec id="40712293" effect="889" icon="msa_icon" name="660500" dialog="660500"/>
    <ItemSpec id="40712294" effect="2051" icon="msa_icon" name="660500" dialog="660500"/>
    <ItemSpec id="40712295" effect="20.52" icon="msa_icon" name="660500" dialog="660500"/>
    <ItemSpec id="40712296" effect="20.53" icon="msa_icon" name="660500" dialog="660500"/>
    <ItemSpec id="40712297" effect="20.54" icon="msa_icon" name="660500" dialog="660500"/>
    <ItemSpec id="40712298" effect="20.55" icon="msa_icon" name="660500" dialog="660500"/>
    <ItemSpec id="40712299" effect="。2074" icon="msa_icon" name="660500" dialog="660500"/>
    <ItemSpec id="40712300" effect="20.56" icon="msa_icon" name="660500" dialog="660500"/>
    <ItemSpec id="40712301" effect="20.57" icon="msa_icon" name="660500" dialog="660500"/>
    <ItemSpec id="40712302" effect="20.58" icon="msa_icon" name="660500" dialog="660500"/>
    <ItemSpec id="40712303" effect="20.59" icon="msa_icon" name="660500" dialog="660500"/>
    <ItemSpec id="40712304" effect="。2075" icon="msa_icon" name="660500" dialog="660500"/>
    <ItemSpec id="40712305" effect="20.6" icon="msa_icon" name="660500" dialog="660500"/>
    <ItemSpec id="40712306" effect="20.61" icon="msa_icon" name="660500" dialog="660500"/>
    <ItemSpec id="40712307" effect="20.62" icon="msa_icon" name="660500" dialog="660500"/>
    <ItemSpec id="40712308" effect="20.63" icon="msa_icon" name="660500" dialog="660500"/>
    <ItemSpec id="40712309" effect="。2076" icon="msa_icon" name="660500" dialog="660500"/>
    <ItemSpec id="40712310" effect="20.64" icon="msa_icon" name="660500" dialog="660500"/>
    <ItemSpec id="40712311" effect="20.65" icon="msa_icon" name="660500" dialog="660500"/>
    <ItemSpec id="40712312" effect="20.66" icon="msa_icon" name="660500" dialog="660500"/>
    <ItemSpec id="40712313" effect="20.67" icon="msa_icon" name="660500" dialog="660500"/>
    <ItemSpec id="40712314" effect="。2077" icon="msa_icon" name="660500" dialog="660500"/>
    <ItemSpec id="40712315" effect="20.7" icon="msa_icon" name="660500" dialog="660500"/>
    <ItemSpec id="40712316" effect="20.71" icon="msa_icon" name="660500" dialog="660500"/>
    <ItemSpec id="40712317" effect="1093|1094" icon="msa_icon" name="660500" dialog="660500"/>
    <ItemSpec id="40712318" effect="2093" icon="msa_icon" name="660500" dialog="660500"/>
    <ItemSpec id="40712319" effect="334" icon="msa_icon" name="660500" dialog="660500"/>
    <ItemSpec id="40712320" effect="335" icon="msa_icon" name="660500" dialog="660500"/>
    <ItemSpec id="40712321" effect="1415;1416" icon="msa_icon" name="660500" dialog="660500"/>
    <ItemSpec id="40712322" effect="1373;1374" icon="msa_icon" name="660500" dialog="660500"/>
    <ItemSpec id="40712323" effect="1363;1364" icon="msa_icon" name="660500" dialog="660500"/>
    <ItemSpec id="40712324" effect="1375;1376" icon="msa_icon" name="660500" dialog="660500"/>
    <ItemSpec id="40712325" effect="2285" icon="msa_icon" name="660500" dialog="660500"/>
    <ItemSpec id="40712326" effect="2284" icon="msa_icon" name="660500" dialog="660500"/>
    <ItemSpec id="40712327" effect="2282" icon="msa_icon" name="660500" dialog="660500"/>
    <ItemSpec id="40712328" effect="2272" icon="msa_icon" name="660500" dialog="660500"/>
    <ItemSpec id="40712329" effect="2271" icon="msa_icon" name="660500" dialog="660500"/>
    <ItemSpec id="40712330" effect="2088" icon="msa_icon" name="660500" dialog="660500"/>
    <ItemSpec id="40712331" effect="2089" icon="msa_icon" name="660500" dialog="660500"/>
    <ItemSpec id="40712332" effect="2090" icon="msa_icon" name="660500" dialog="660500"/>
    <ItemSpec id="40712333" effect="2091" icon="msa_icon" name="660500" dialog="660500"/>
    <ItemSpec id="40712334" effect="2092" icon="msa_icon" name="660500" dialog="660500"/>
    <ItemSpec id="40712335" effect="1207;1208" icon="msa_icon" name="660500" dialog="660500"/>
  </Group>
<Group id="five_red_envolope_rank">
    <ItemSpec id="33720139"  reward="1-1;255943|2-2;255944|3-3;255945|4-50;255946|51-200;255947|201-500;255948|501-1000;255949"  mail="1-1;13355|2-2;13356|3-3;13357|4-50;13358|51-200;13359|201-500;13360|501-1000;13361" />
</Group>
</tns:database>
